paymentId,amount,status
PAY-TEST-1764542961703,150.0,PENDING
BULK-0-1764542961715,10.0,PENDING
BULK-1-1764542961719,10.0,PENDING
BULK-2-1764542961720,10.0,PENDING
BULK-3-1764542961720,10.0,PENDING
BULK-4-1764542961721,10.0,PENDING
PAY-COUNT-1764542961722,20.0,PENDING
PAY-UPDATE-1764542961724,200.0,PENDING
PAY-COMP-1764542961726,50.0,COMPLETED
PAY-PEND-1764542961727,75.0,PENDING
PAY-NEW-1764542961728,10.0,PENDING
PAY-ZERO-1764542961729,0.0,PENDING
PAY-PREC-1764542961730,123.45678,PENDING
PAY-TEST-1764556412905,150.0,PENDING
BULK-0-1764556412908,10.0,PENDING
BULK-1-1764556412910,10.0,PENDING
BULK-2-1764556412910,10.0,PENDING
BULK-3-1764556412910,10.0,PENDING
BULK-4-1764556412911,10.0,PENDING
PAY-COUNT-1764556412911,20.0,PENDING
PAY-UPDATE-1764556412912,200.0,PENDING
PAY-COMP-1764556412913,50.0,COMPLETED
PAY-PEND-1764556412913,75.0,PENDING
PAY-NEW-1764556412914,10.0,PENDING
PAY-ZERO-1764556412914,0.0,PENDING
PAY-PREC-1764556412915,123.45678,PENDING
PAY-TEST-1764602307151,150.0,PENDING
BULK-0-1764602307158,10.0,PENDING
BULK-1-1764602307159,10.0,PENDING
BULK-2-1764602307159,10.0,PENDING
BULK-3-1764602307160,10.0,PENDING
BULK-4-1764602307160,10.0,PENDING
PAY-COUNT-1764602307160,20.0,PENDING
PAY-UPDATE-1764602307162,200.0,PENDING
PAY-COMP-1764602307162,50.0,COMPLETED
PAY-PEND-1764602307163,75.0,PENDING
PAY-NEW-1764602307163,10.0,PENDING
PAY-ZERO-1764602307164,0.0,PENDING
PAY-PREC-1764602307164,123.45678,PENDING
