paymentId,amount,status
PAY-COUNT-1764654850787,20.0,PENDING
PAY-ZERO-1764654850797,0.0,PENDING
PAY-UPDATE-1764654850801,200.0,PENDING
PAY-COMP-1764654850805,50.0,COMPLETED
PAY-PREC-1764654850808,123.45678,PENDING
PAY-TEST-1764654850811,150.0,PENDING
PAY-PEND-1764654850813,75.0,PENDING
PAY-NEW-1764654850816,10.0,PENDING
BULK-0-1764654850820,10.0,PENDING
BULK-1-1764654850826,10.0,PENDING
BULK-2-1764654850827,10.0,PENDING
BULK-3-1764654850827,10.0,PENDING
BULK-4-1764654850828,10.0,PENDING
PAY-UPDATE-1764654850848,200.0,PENDING
PAY-COUNT-1764654850864,20.0,PENDING
PAY-ZERO-1764654850866,0.0,PENDING
PAY-COMP-1764654850868,50.0,COMPLETED
PAY-PREC-1764654850869,123.45678,PENDING
PAY-TEST-1764654850909,150.0,PENDING
PAY-PEND-1764654850913,75.0,PENDING
PAY-NEW-1764654850974,10.0,PENDING
BULK-0-1764654850984,10.0,PENDING
BULK-1-1764654850984,10.0,PENDING
BULK-2-1764654850985,10.0,PENDING
BULK-3-1764654850985,10.0,PENDING
BULK-4-1764654850985,10.0,PENDING
