paymentId,amount,status
PAY-UPDATE-1764721530574,200.0,PENDING
PAY-ZERO-1764721530588,0.0,PENDING
PAY-TEST-1764721530592,150.0,PENDING
PAY-COUNT-1764721530596,20.0,PENDING
PAY-PREC-1764721530600,123.45678,PENDING
PAY-COMP-1764721530603,50.0,COMPLETED
PAY-PEND-1764721530606,75.0,PENDING
PAY-NEW-1764721530609,10.0,PENDING
BULK-0-1764721530612,10.0,PENDING
BULK-1-1764721530619,10.0,PENDING
BULK-2-1764721530620,10.0,PENDING
BULK-3-1764721530621,10.0,PENDING
BULK-4-1764721530622,10.0,PENDING
PAY-UPDATE-1764721530653,200.0,PENDING
PAY-ZERO-1764721530675,0.0,PENDING
PAY-TEST-1764721530678,150.0,PENDING
PAY-COMP-1764721530681,50.0,COMPLETED
PAY-COUNT-1764721530683,20.0,PENDING
PAY-PREC-1764721530687,123.45678,PENDING
PAY-PEND-1764721530690,75.0,PENDING
PAY-NEW-1764721530828,10.0,PENDING
BULK-0-1764721530834,10.0,PENDING
BULK-1-1764721530834,10.0,PENDING
BULK-2-1764721530835,10.0,PENDING
BULK-3-1764721530835,10.0,PENDING
BULK-4-1764721530836,10.0,PENDING
